LC01,LC02,LC03,LC04,x,y
7.853333333329715,2.94199999999023,-1.5996666666850956,7.840666666680818,0.0,5700.0
8.533666666679096,2.847666666667692,-1.9733333333249448,8.223999999970033,50.0,5700.0
9.380333333339763,3.108333333301516,-2.340333333350486,7.61133333334385,100.0,5700.0
9.271666666634815,3.5836666666355654,-2.0110000000528316,7.884333333265658,150.0,5700.0
9.732333333332122,3.226999999981217,-2.009666666715759,7.974333333322647,200.0,5700.0
10.910000000023956,3.128000000032216,-1.8119999999655079,8.242000000002747,250.0,5700.0
11.261999999980787,3.6976666666532765,-2.064666666719006,8.860999999988906,300.0,5700.0
11.586000000001206,3.5676666666617507,-1.9629999999537517,8.585333333357426,350.0,5700.0
11.872666666654652,3.5019999999974516,-1.7433333333727319,8.520333333308372,400.0,5700.0
11.928999999994971,3.9006666666807632,-1.6193333333447413,8.62833333332702,450.0,5700.0
12.940999999955238,3.93666666663961,-1.7410000000239734,8.942999999987933,500.0,5700.0
13.079666666619971,3.607666666667342,-2.060000000021489,8.961666666635892,550.0,5700.0
14.096000000023423,4.047999999983176,-2.0986666666544807,8.65833333335786,600.0,5700.0
14.425333333321078,4.478666666649644,-1.6563333333508012,8.727333333347076,650.0,5700.0
15.257333333309475,4.626999999928216,-1.780666666668651,8.774333333292361,700.0,5700.0
15.219333333327256,4.408666666648742,-1.919333333333384,8.1029999999771,750.0,5700.0
15.814666666642552,4.808999999994512,-2.41333333335092,8.599333333307868,800.0,5700.0
16.72266666666644,4.781333333312432,-2.49133333333873,9.27799999999479,850.0,5700.0
17.239000000017768,4.906666666677495,-2.4376666666370284,9.58800000002924,900.0,5700.0
17.40099999999245,4.527666666689356,-2.5676666666640813,9.936000000045908,950.0,5700.0
17.898999999985676,4.903999999967823,-2.4756666666547744,9.352666666657683,1000.0,5700.0
18.828666666657057,5.230666666662387,-1.7466666666621222,10.155333333337069,1050.0,5700.0
18.6469999999872,5.452333333337833,-1.3003333333472256,10.552000000032535,1100.0,5700.0
18.849333333363916,5.271666666644137,-1.9199999999841566,10.685000000023592,1150.0,5700.0
19.639666666648736,5.2009999999569345,-1.5143333333611508,10.630666666635591,1200.0,5700.0
19.566333333358443,5.0213333333104515,-2.2180000000204814,10.74333333331623,1250.0,5700.0
19.935333333336303,4.932666666661589,-1.8216666666504011,11.233666666683462,1300.0,5700.0
19.902999999992232,4.661999999946431,-1.7276666666887763,11.45166666663755,1350.0,5700.0
20.485000000007858,4.879333333320801,-1.2216666666375886,11.145999999975231,1400.0,5700.0
20.446000000013953,5.102666666694233,-1.4916666666664469,10.851333333370405,1450.0,5700.0
21.087666666694815,5.027999999995814,-1.13733333332533,11.292666666626872,1500.0,5700.0
20.689666666697804,5.030000000019186,-1.168666666657714,11.441666666698325,1550.0,5700.0
20.56899999999473,5.22199999998918,-0.5650000000301247,11.309333333322513,1600.0,5700.0
21.166666666658784,4.677666666665914,-0.552000000020314,11.316333333333262,1650.0,5700.0
21.674999999987676,5.024666666706423,-0.8636666666461679,11.625000000030639,1700.0,5700.0
21.887000000013757,5.1323333333641585,-0.5423333333354208,12.136333333359062,1750.0,5700.0
22.294333333334748,5.378333333325713,-0.4773333333218943,11.975999999975784,1800.0,5700.0
22.07833333329745,5.283666666642262,-0.2890000000377313,12.071333333310008,1850.0,5700.0
22.638666666665586,6.294666666661897,-0.1756666666707929,12.421666666675435,1900.0,5700.0
23.608333333342557,6.306000000009249,-0.4693333332994598,12.424666666674966,1950.0,5700.0
23.93600000001328,7.044666666651267,-1.02233333333146,12.501999999976476,2000.0,5700.0
24.42666666667037,7.50166666669827,-0.8393333332890052,12.975000000032821,2050.0,5700.0
24.080666666677075,8.026000000000977,-0.7630000000347081,12.665666666649145,2100.0,5700.0
24.84733333332656,8.240666666701202,-0.46766666663700107,13.219666666657304,2150.0,5700.0
24.541333333338855,8.151000000005126,-0.9713333333394303,13.12733333332261,2200.0,5700.0
24.91766666665285,8.507333333298561,-0.7536666667107284,13.547666666653413,2250.0,5700.0
24.644666666659987,7.981999999984168,-0.7273333333657206,13.679333333342925,2300.0,5700.0
24.84333333335087,8.38066666666748,-0.4936666666566225,13.477666666688037,2350.0,5700.0
24.634999999975093,8.443000000006862,-0.7263333333540345,13.921333333293262,2400.0,5700.0
24.972666666656096,8.632666666699151,-0.06133333332769553,13.818666666693957,2450.0,5700.0
24.99766666666403,8.565333333336866,0.02566666665870798,14.494999999996594,2500.0,5700.0
24.48166666667362,8.610000000004447,0.1556666666857609,14.58300000003021,2550.0,5700.0
24.770666666675822,8.74033333332136,-0.5086666666898054,14.84166666667619,2600.0,5700.0
25.39666666667273,8.973666666669544,-0.13666666667688787,14.86799999998567,2650.0,5700.0
25.52300000001395,9.01266666666345,-0.5753333333657906,15.24733333337025,2700.0,5700.0
25.724333333272398,9.486999999950285,-0.5246666666636202,15.121666666644273,2750.0,5700.0
25.679333333350485,8.867333333348881,-0.4716666666482183,15.259666666658234,2800.0,5700.0
25.922999999998808,9.176333333336117,-0.4429999999899792,15.069999999965944,2850.0,5700.0
25.541666666697438,9.031666666672322,-0.4619999999988522,15.364333333351965,2900.0,5700.0
25.753666666652464,9.091666666662945,-0.09166666668392054,15.527333333302806,2950.0,5700.0
25.2963333333156,8.916666666678452,-0.1759999999961792,15.34233333334356,3000.0,5700.0
25.26333333332076,9.13533333331884,0.2066666666422634,15.000999999976727,3050.0,5700.0
25.78566666663562,9.072333333293159,0.36000000001479293,15.294666666676449,3100.0,5700.0
25.339666666717164,9.319999999988227,0.2950000000367936,15.480333333357521,3150.0,5700.0
25.24666666669617,9.630333333312535,1.2829999999652841,16.38166666669605,3200.0,5700.0
24.994999999989886,10.070999999953756,0.782999999984213,16.33533333333048,3250.0,5700.0
24.453333333340765,10.203000000004181,1.114666666666153,16.52399999997556,3300.0,5700.0
25.059333333317113,10.92766666666023,1.0239999999939187,17.239000000017768,3350.0,5700.0
25.170333333335293,10.668333333363478,0.6330000000076552,17.077666666693858,3400.0,5700.0
24.339666666683968,11.359999999989157,0.45433333333733117,17.735333333313008,3450.0,5700.0
24.12199999998421,11.063999999976204,1.0350000000158843,18.061333333321272,3500.0,5700.0
23.77233333337614,11.529333333371028,1.2073333333617597,17.62300000002881,3550.0,5700.0
24.252000000011265,11.200666666688619,1.5363333332985007,18.68399999999326,3600.0,5700.0
23.881999999986192,11.039999999944428,1.2396666666347755,19.003666666606023,3650.0,5700.0
24.07333333334094,11.126999999966358,1.6816666666485958,19.052333333320348,3700.0,5700.0
23.20266666671955,10.815333333376032,1.6510000000380387,19.161333333350683,3750.0,5700.0
23.243333333340388,11.186666666631595,1.7793333333315786,19.155666666677007,3800.0,5700.0
23.218333333332453,11.530999999962432,1.5353333333223418,19.60133333334113,3850.0,5700.0
23.02566666667616,11.316666666658648,1.732333333315239,19.771666666663634,3900.0,5700.0
23.17533333332733,11.632666666621105,1.600333333300341,20.200999999957503,3950.0,5700.0
22.759000000007745,12.116666666699416,1.7106666666677484,19.960333333344238,4000.0,5700.0
22.51099999998729,12.14299999997337,0.8656666666340129,19.993333333303553,4050.0,5700.0
22.60266666670674,12.783333333388214,1.4333333334093368,20.16533333335957,4100.0,5700.0
22.39466666665635,12.183333333339874,0.6846666666859846,20.646333333367295,4150.0,5700.0
22.434333333336554,12.874000000024921,0.2820000000269829,20.710333333369135,4200.0,5700.0
22.554666666678713,12.001999999995405,0.8680000000182986,21.116333333353055,4250.0,5700.0
22.92000000000627,12.333666666677345,0.4416666666884339,21.083000000032825,4300.0,5700.0
22.38033333327394,12.506666666638466,0.3359999999474894,21.181999999981826,4350.0,5700.0
22.873666666711756,12.698333333354128,0.0100000000458067,21.07899999998608,4400.0,5700.0
22.873666666640702,12.823333333358278,-0.08100000002286833,21.08766666665929,4450.0,5700.0
22.500666666651625,13.280666666659613,-0.3669999999900142,20.766999999999314,4500.0,5700.0
22.960666666662632,13.436666666706287,0.022333333333790506,21.222666666673717,4550.0,5700.0
22.600333333322453,13.25833333336135,-0.5333333333723544,21.19566666664241,4600.0,5700.0
22.6843333332738,13.849333333340041,0.14033333329166453,21.716333333294813,4650.0,5700.0
22.381333333285625,14.562999999938597,-0.17766666665863795,21.21133333329084,4700.0,5700.0
22.14066666667236,14.608000000002619,-0.2553333333210617,21.304666666672745,4750.0,5700.0
22.42566666662782,14.388333333350545,-0.3260000000082641,21.276999999990664,4800.0,5700.0
22.606333333321516,14.248999999999512,-0.006333333359975768,21.65699999999049,4850.0,5700.0
21.628666666693164,14.60266666665433,0.5119999999791958,22.169000000005212,4900.0,5700.0
21.978333333336764,14.190666666671348,0.9350000000196701,22.067000000021153,4950.0,5700.0
22.083000000066022,14.754000000039014,0.950000000052853,22.11633333338625,5000.0,5700.0
22.386999999994828,14.185666666648444,1.0416666666657193,22.53866666666937,5050.0,5700.0
22.437999999986857,14.557333333335976,0.9820000000004825,22.539333333320144,5100.0,5700.0
22.14566666673079,14.747666666714565,0.9133333333721794,22.44133333338283,5150.0,5700.0
21.56866666670254,14.885333333367612,0.45366666668655853,22.93300000001608,5200.0,5700.0
21.926333333368575,15.498666666715621,-0.10666666668157632,22.858333333388714,5250.0,5700.0
22.494333333327177,15.833333333361566,-0.14600000000086766,22.92466666666826,5300.0,5700.0
21.667333333361682,15.360333333376275,0.10600000003080368,22.90200000000908,5350.0,5700.0
22.353333333313685,16.099666666669066,0.4773333333218943,23.134999999996353,5400.0,5700.0
21.92366666669443,16.417000000004123,0.6886666666616748,22.46300000003032,5450.0,5700.0
21.95633333332836,16.359000000001345,-0.030333333320697875,22.351666666651226,5500.0,5700.0
22.122333333385313,16.45500000002187,0.9406666666933461,22.499000000024694,5550.0,5700.0
22.154333333332943,15.910999999952935,-0.1736666666474207,22.914333333332593,5600.0,5700.0
22.31966666666807,16.527333333336003,0.1266666666666083,23.025333333315245,5650.0,5700.0
22.065000000033308,15.972000000026298,1.3960000000068362,23.26333333332542,5700.0,5700.0
22.17066666666767,16.041000000015515,0.897999999978083,23.483999999953653,5750.0,5700.0
21.275333333363733,16.5229999999994,0.9136666666620386,23.009333333305904,5800.0,5700.0
22.062333333323636,16.46299999997325,1.0046666666596593,23.094999999990762,5850.0,5700.0
21.64666666669035,16.06900000002298,0.9869999999878587,23.22066666668121,5900.0,5700.0
21.453333333347757,16.478666666657205,0.7293333333535656,23.062333333321305,5950.0,5700.0
21.725666666689847,15.958000000004802,1.13266666666334,23.948999999987564,6000.0,5700.0
21.3853333333347,15.502333333330398,0.2523333333215305,23.236333333365167,6050.0,5700.0
21.482999999946628,15.915999999975838,0.426666666655251,23.523999999959244,6100.0,5700.0
21.543666666694605,16.06533333333715,0.933000000031825,22.684999999995625,6150.0,5700.0
21.593000000024176,15.49133333334396,0.40766666664637796,22.65300000001247,6200.0,5700.0
21.570333333329472,15.407666666646946,1.1493333332879274,22.121999999988873,6250.0,5700.0
22.01866666666774,15.913000000047361,1.4406666666744172,22.435999999999012,6300.0,5700.0
21.216000000023882,16.175000000018258,1.3356666666552997,21.825333333360675,6350.0,5700.0
21.490999999969063,15.536333333336927,1.3873333333691562,21.658666666652948,6400.0,5700.0
21.735333333339213,16.01500000003142,1.2666666667016102,21.73300000002598,6450.0,5700.0
22.037666666676614,15.639666666658059,0.9176666666377287,21.251333333331957,6500.0,5700.0
21.722000000004016,16.425000000026557,1.1909999999915044,21.181999999981826,6550.0,5700.0
20.895333333363908,15.993000000023017,0.768666666672857,20.68233333336167,6600.0,5700.0
20.961333333353593,16.69766666662298,1.281999999953598,20.988000000023987,6650.0,5700.0
21.103999999994016,16.903666666685524,1.006333333322118,20.297666666664327,6700.0,5700.0
21.73233333337521,17.155666666681668,1.5093333333737746,20.543333333336022,6750.0,5700.0
21.01266666667101,17.017999999993094,1.3410000000035893,20.42799999998124,6800.0,5700.0
21.895666666686964,17.690999999970813,1.7456666666504361,20.524666666688063,6850.0,5700.0
21.272999999979447,17.530000000007817,1.4706666666697288,20.05066666665556,6900.0,5700.0
21.42400000000322,17.43499999999898,0.6883333333362884,20.30500000000046,6950.0,5700.0
21.341999999968664,17.007333333296515,1.717999999968356,20.371333333315533,7000.0,5700.0
21.8366666666725,17.63866666667724,1.3050000000447426,20.773000000033903,7050.0,5700.0
21.284000000001413,18.174666666652683,2.0026666666694837,20.549333333335085,7100.0,5700.0
21.33666666669143,18.322666666676923,3.1609999999915317,20.819666666653802,7150.0,5700.0
21.65900000001386,18.872666666673865,3.120333333370695,21.04800000001461,7200.0,5700.0
20.73799999998016,19.32533333331321,3.216333333355692,20.61166666663894,7250.0,5700.0
21.138000000000545,18.785000000001162,3.0576666666704,20.45533333337346,7300.0,5700.0
20.69933333334717,18.279999999997187,2.5813333333601918,20.12433333337782,7350.0,5700.0
21.020666666657917,18.636666666651536,2.5809999999992783,20.30833333332538,7400.0,5700.0
21.235333333322615,17.836666666646295,2.938999999955172,21.463999999973282,7450.0,5700.0
20.9693333333405,18.28766666665871,3.1040000000004397,20.695666666696866,7500.0,5700.0
21.217333333325428,19.14400000000427,3.538333333352739,21.792333333330305,7550.0,5700.0
21.30066666673258,19.545333333326198,4.194333333344957,21.302000000034127,7600.0,5700.0
21.224666666661562,19.330999999986886,3.904333333331067,21.79266666665569,7650.0,5700.0
21.42400000000322,19.682000000003086,4.227000000014414,21.588666666687573,7700.0,5700.0
21.49566666666658,20.352666666667574,4.462333333350443,21.8366666666725,7750.0,5700.0
21.260000000005164,20.337000000019145,4.581666666680917,21.34533333332911,7800.0,5700.0
21.21033333331468,20.021333333275493,4.505666666680952,21.254666666656874,7850.0,5700.0
21.486999999993373,20.5823333332944,4.378333333328044,21.24033333330999,7900.0,5700.0
21.148999999986984,20.49433333329631,4.337999999961539,20.71633333333267,7950.0,5700.0
20.559999999996137,21.095333333356336,5.1760000000200534,21.097666666669568,8000.0,5700.0
20.425000000017235,19.903666666643005,4.725999999983799,20.718999999971288,8050.0,5700.0
20.83966666667436,20.51100000002748,5.852666666683604,20.884666666702856,8100.0,5700.0
20.621000000033973,20.08433333337223,5.534000000011474,20.445000000002267,8150.0,5700.0
20.919666666685544,20.36699999997893,5.7946666666808255,21.033999999993114,8200.0,5700.0
20.70100000000963,20.796000000018466,5.248666666659574,21.195333333317024,8250.0,5700.0
21.200666666629786,21.335666666644215,5.3786666666155725,21.448999999975626,8300.0,5700.0
20.395999999998082,20.924333333347533,4.95499999999538,21.31200000000888,8350.0,5700.0
19.67533333335325,20.803000000029215,4.7180000000324185,21.008333333369933,8400.0,5700.0
19.579666666658113,21.094000000019264,5.672333333350821,21.31200000000888,8450.0,5700.0
19.62033333338553,22.120666666687328,5.509666666689839,21.439000000000874,8500.0,5700.0
18.885666666683676,22.271333333350185,5.129000000039241,21.28800000001263,8550.0,5700.0
19.18566666663679,22.151666666658798,5.7310000000043715,21.502333333280887,8600.0,5700.0
19.203666666669506,22.621666666680085,5.66933333335129,20.915000000023554,8650.0,5700.0
18.493666666685726,22.75400000002037,5.361000000050353,20.78933333336863,8700.0,5700.0
19.14466666669057,22.64900000003678,5.198666666643703,20.281333333365126,8750.0,5700.0
19.301666666677875,23.476666666653045,5.385999999987234,20.67266666664125,8800.0,5700.0
19.139666666632138,23.910999999969818,5.4413333333158675,20.916666666650485,8850.0,5700.0
19.32366666665075,24.41533333332302,5.718000000030088,21.354999999978475,8900.0,5700.0
19.272333333333336,25.098333333346545,6.2593333333182954,20.42933333335384,8950.0,5700.0
19.830333333317185,25.934000000020774,6.527666666684695,21.676666666650135,9000.0,5700.0
19.683666666630018,25.99000000000018,6.343666666701608,21.191999999992106,9050.0,5700.0
19.278999999947644,26.288000000000977,6.675666666673408,21.518333333325756,9100.0,5700.0
19.04899999999543,26.630000000018583,6.162666666646999,21.54566666668245,9150.0,5700.0
18.50966666665954,26.99133333337045,6.514000000024112,21.63433333336684,9200.0,5700.0
19.164333333314687,27.227666666682637,6.328000000017653,21.929666666657965,9250.0,5700.0
19.19633333333337,27.07933333333301,5.7026666666359915,22.15233333330957,9300.0,5700.0
19.13133333335537,27.52833333335758,5.534999999987633,22.501999999988698,9350.0,5700.0
18.50966666665954,27.813666666638426,5.454666666651065,22.585333333324797,9400.0,5700.0
18.690999999968483,28.201666666660685,5.491333333331738,23.730333333347176,9450.0,5700.0
18.121999999998195,27.664666666673554,5.142999999989684,23.674666666693156,9500.0,5700.0
18.53966666669038,29.23866666669994,5.652333333365789,23.948333333372318,9550.0,5700.0
18.750666666669247,29.712333333336005,5.181333333332816,24.330666666649847,9600.0,5700.0
18.868999999952507,30.155666666615843,4.735666666633165,24.286666666668566,9650.0,5700.0
18.82833333333167,30.34966666660921,4.939666666672338,23.92999999997869,9700.0,5700.0
18.361999999960688,30.010333333336803,5.280666666678258,24.036999999985653,9750.0,5700.0
17.90866666667057,30.017666666708465,5.8299999999889,23.572999999998956,9800.0,5700.0
17.41966666664041,30.32300000000987,5.963000000015484,23.611999999957334,9850.0,5700.0
18.80200000002219,31.020999999995524,7.0003333333801265,24.486333333371135,9900.0,5700.0
18.710333333302742,31.231666666684532,6.649666666689313,24.50533333334448,9950.0,5700.0
18.436666666659107,30.939999999972656,5.638333333308765,24.419333333334237,10000.0,5700.0
18.170333333351607,31.002333333347565,6.003666666707375,24.791000000021768,10050.0,5700.0
17.663333333359788,30.958333333366284,5.452000000047974,23.962333333393815,10100.0,5700.0
17.375333333333742,31.013333333334003,5.099666666694702,24.285999999982266,10150.0,5700.0
17.89699999999783,31.281000000014103,5.048999999992532,24.408666666637657,10200.0,5700.0
17.373999999961143,32.33599999997949,5.464666666661344,25.827999999954443,10250.0,5700.0
17.607666666705768,32.57466666667597,5.214333333327659,26.602666666697417,10300.0,5700.0
17.424333333337927,33.51833333333332,5.708666666635054,27.058333333300766,10350.0,5700.0
17.08099999998325,33.6506666666736,5.65000000001703,26.541999999984967,10400.0,5700.0
17.06866666662421,34.09233333332651,5.168333333323005,27.542666666668936,10450.0,5700.0
16.64399999999233,33.64633333330147,4.882000000030473,26.61800000002046,10500.0,5700.0
16.25366666665684,34.59299999999388,5.6093333333606665,26.775999999983924,10550.0,5700.0
16.07533333334743,34.54299999994248,5.353333333282251,27.103999999980033,10600.0,5700.0
16.004666666660228,34.74733333334257,4.869333333346049,26.829666666685625,10650.0,5700.0
16.92033333331011,35.04033333332046,4.634333333335405,27.781333333329883,10700.0,5700.0
16.128999999978078,34.08533333328023,4.5586666666252995,27.75466666662396,10750.0,5700.0
15.669000000002598,34.14099999996978,4.583000000017989,28.08633333334143,10800.0,5700.0
15.938333333380683,34.33766666674387,4.455666666700608,28.313333333365165,10850.0,5700.0
16.46666666665908,33.99100000002875,4.2486666666974315,28.98666666666827,10900.0,5700.0
15.69199999998716,33.658000000009736,4.289333333318268,28.594333333344935,10950.0,5700.0
16.351000000014437,34.72166666668386,4.414333333357945,28.277333333335264,11000.0,5700.0
16.475666666657673,34.10633333331248,3.8836666666597353,28.52600000000649,11050.0,5700.0
16.82333333331343,34.13399999999456,3.6503333333115506,28.24766666662981,11100.0,5700.0
16.679999999986705,33.363333333333856,4.413666666636118,28.33333333331467,11150.0,5700.0
16.401666666645554,32.81900000001059,4.474666666638427,28.7529999999947,11200.0,5700.0
16.688333333334526,32.8623333333411,5.021999999996751,28.53600000001677,11250.0,5700.0
16.36066666669933,32.71166666667824,4.624666666721566,29.24966666668638,11300.0,5700.0
17.643000000013842,32.936666666678605,5.482333333333145,29.9763333333658,11350.0,5700.0
17.203666666674167,32.53166666663532,4.782666666649504,29.866666666649166,11400.0,5700.0
17.04466666666349,31.885000000002606,4.1299999999822035,29.551999999988254,11450.0,5700.0
17.275333333337528,32.45199999998505,5.251333333369246,30.578999999981704,11500.0,5700.0
17.411333333328116,31.82066666667538,5.553999999996506,29.814333333320064,11550.0,5700.0
17.75066666663605,31.90266666663888,5.409333333261657,30.387666666626956,11600.0,5700.0
17.659333333313043,31.648333333293976,5.3909999999746105,30.958333333330756,11650.0,5700.0
17.02466666664293,31.73266666667729,5.095333333322571,31.44666666663909,11700.0,5700.0
17.781666666678575,31.44666666663909,4.175999999986857,31.303000000022507,11750.0,5700.0
16.815666666687434,31.41466666669146,4.473000000011496,31.061000000036643,11800.0,5700.0
16.785000000005823,31.231333333359146,3.9600000000206137,30.573333333343555,11850.0,5700.0
16.5760000000148,31.2943333333493,3.944999999987431,30.912000000000717,11900.0,5700.0
16.22199999999907,31.46733333331042,4.183000000033132,30.658333333342114,11950.0,5700.0
15.820333333351755,31.717666666679634,4.33366666669599,30.996999999999275,12000.0,5700.0
16.011000000020204,30.564333333344962,4.00133333332775,31.156000000009954,12050.0,5700.0
16.35799999998966,30.199999999993565,3.3936666666534165,31.3939999999846,12100.0,5700.0
16.530000000045675,30.009333333360644,3.6900000000628097,32.70700000001625,12150.0,5700.0
15.868333333273199,29.180333333300723,3.30966666659549,31.8919999999423,12200.0,5700.0
16.059000000012702,29.62166666666377,2.991000000029942,32.56166666670168,12250.0,5700.0
16.132333333338522,29.24999999997624,2.743333333299347,32.635999999968135,12300.0,5700.0
16.06233333333762,28.974000000019373,3.3146666666894475,32.83899999999562,12350.0,5700.0
16.096000000018762,28.95266666666174,3.4780000000012024,32.797666666688485,12400.0,5700.0
16.539666666659514,29.093333333349847,3.0343333333604505,32.1630000000539,12450.0,5700.0
16.712666666656162,28.128333333334865,2.6590000000581426,32.539333333332365,12500.0,5700.0
17.33600000001445,28.42633333337119,3.2963333333668743,32.73933333339585,12550.0,5700.0
16.64499999996849,27.590666666625907,3.2873333332972265,33.677666666633854,12600.0,5700.0
16.401666666610026,27.811333333325194,2.446666666671149,34.270999999961305,12650.0,5700.0
16.687333333358367,27.857333333329848,2.472333333329857,34.057000000018434,12700.0,5700.0
16.710333333307403,27.492666666617538,2.0113333333071637,33.70866666664085,12750.0,5700.0
17.08566666664524,27.319666666656417,2.420000000000755,34.280666666681725,12800.0,5700.0
16.68199999997455,27.106666666654178,1.0900000000191312,34.02766666663837,12850.0,5700.0
16.934000000006222,26.86933333336583,1.278000000013435,33.7340000000097,12900.0,5700.0
17.362999999974704,27.780333333353724,2.253999999979328,34.519999999993445,12950.0,5700.0
17.477000000027942,27.530999999996197,1.7813333333194237,33.56500000002427,13000.0,5700.0
17.259333333328186,27.74266666669689,1.236333333309858,33.864666666652,13050.0,5700.0
17.7569999999605,27.892333333312536,2.328999999967607,34.247666666651355,13100.0,5700.0
18.011999999956174,28.402333333303886,2.0416666666278616,34.01499999998947,13150.0,5700.0
18.147333333367044,28.00033333336671,1.9503333333759088,32.92233333333172,13200.0,5700.0
17.362999999974704,27.889666666673918,1.693333333321334,32.11700000001372,13250.0,5700.0
17.804000000012365,27.23833333334369,1.2746666666885176,31.802666666678192,13300.0,5700.0
18.626999999966642,26.70866666662164,1.7733333333325163,31.949999999945078,13350.0,5700.0
18.320333333328165,26.27766666666531,1.9836666666961378,32.71033333334117,13400.0,5700.0
18.071666666656938,25.61733333333649,1.4543333333350006,32.27733333336147,13450.0,5700.0
18.291666666669926,24.761999999967088,0.7283333333063524,31.77833333332103,13500.0,5700.0
18.126666666695712,24.259666666672786,0.7223333333072901,31.726666666678227,13550.0,5700.0
17.471666666679653,24.477000000047155,0.7723333333231608,31.754999999975553,13600.0,5700.0
17.976666666683627,24.447000000016317,-0.04600000000465343,30.336333333345067,13650.0,5700.0
18.052333333358206,24.853000000000236,-0.15600000001114722,30.862666666671146,13700.0,5700.0
17.711333333352286,24.38566666668862,-0.6903333333241335,29.858666666697786,13750.0,5700.0
17.311999999982675,25.130333333329702,-0.20599999999149077,29.638333333359412,13800.0,5700.0
17.25066666665498,25.599333333339302,-0.1556666666857609,29.64099999999803,13850.0,5700.0
17.074000000008027,25.288666666689608,-0.9943333333239934,29.163666666676136,13900.0,5700.0
17.400333333341678,25.238000000022964,-0.3603333333046521,29.68700000003821,13950.0,5700.0
17.548333333365917,25.411333333345,0.5723333333662595,29.841333333351372,14000.0,5700.0
17.520000000033065,24.787666666661323,0.199666666631515,30.125333333295146,14050.0,5700.0
16.874333333305458,24.929666666650974,-0.03166666665777029,29.904666666631385,14100.0,5700.0
17.13233333333619,24.77766666668657,0.2906666666646629,29.18566666668454,14150.0,5700.0
17.477666666678715,24.872333333334495,0.3186666666721294,28.829666666680964,14200.0,5700.0
17.307000000030826,24.67966666671373,0.8170000000262689,29.79633333339393,14250.0,5700.0
17.238999999946714,24.633666666602494,0.03166666665777029,29.89799999998155,14300.0,5700.0
17.676666666694985,24.593000000017184,0.9513333333188712,29.449666666714336,14350.0,5700.0
17.747666666672046,25.200333333330605,0.577666666679022,30.135999999991725,14400.0,5700.0
17.651000000036277,24.751666666702477,-0.03166666665777029,29.97400000005257,14450.0,5700.0
16.76399999993805,24.008333333327414,0.3023333333374012,30.05299999998101,14500.0,5700.0
17.449000000020476,24.147000000027674,0.52066666668793,30.398999999974308,14550.0,5700.0
16.878000000062343,23.885333333382164,-0.5596666666463079,29.579666666670335,14600.0,5700.0
16.30600000002147,23.27033333333617,-0.1836666666932274,28.66199999999708,14650.0,5700.0
16.40066666670492,23.31333333334129,-0.29366666666419405,28.795666666674435,14700.0,5700.0
16.597999999987678,22.049333333313825,-0.22566666665113644,28.983333333307826,14750.0,5700.0
17.236000000053764,21.509666666688076,-0.2829999999676147,28.601333333355683,14800.0,5700.0
16.168333333332896,21.182333333378267,-0.13299999999105694,28.639333333337902,14850.0,5700.0
16.034000000040294,21.612333333358436,-0.6266666666476794,28.133666666683155,14900.0,5700.0
16.45500000002187,21.26866666667837,-0.6059999999763477,27.662000000034936,14950.0,5700.0
16.469999999983997,21.599333333313098,-0.16700000003311288,27.606999999960635,15000.0,5700.0
16.179666666715775,22.197000000048206,-0.21466666662917078,27.38466666670547,15050.0,5700.0
16.841999999961388,21.888666666640688,-0.16300000002189563,26.62066666662355,15100.0,5700.0
16.22133333331277,21.72399999999186,0.35266666664313107,26.54099999997328,15150.0,5700.0
16.43133333331548,21.904333333324644,0.25633333333274777,25.93433333334616,15200.0,5700.0
16.61099999996196,22.036999999954787,0.8176666666415144,25.84133333328964,15250.0,5700.0
16.810666666629004,22.081666666622368,1.2169999999400716,25.84833333330039,15300.0,5700.0
16.833666666613567,21.31999999996026,0.13600000002611523,25.408666666670854,15350.0,5700.0
17.330333333305248,21.80733333332796,0.8559999999846468,25.16466666662609,15400.0,5700.0
17.146666666647548,21.63599999999377,0.7456666666527667,24.836666666665508,15450.0,5700.0
17.327999999992016,21.220333333360486,0.686999999999216,25.08033333331383,15500.0,5700.0
16.450999999975124,20.92300000001046,0.6120000000109371,24.902333333329807,15550.0,5700.0
16.43033333333932,20.689000000011504,0.2046666666899455,24.48766666667268,15600.0,5700.0
16.567999999992367,21.00833333329888,0.2503333332981583,24.829000000003987,15650.0,5700.0
15.913666666698134,21.384333333323013,0.9379999999836741,25.352000000005148,15700.0,5700.0
15.527999999989106,21.321999999983632,0.396333333299026,24.9093333332695,15750.0,5700.0
15.46666666666141,21.40999999998172,0.46733333331161475,24.086666666676138,15800.0,5700.0
15.263666666669451,21.010333333357778,-0.09299999998546582,25.009999999987542,15850.0,5700.0
14.68633333338687,20.23499999999956,0.31900000003304285,25.222666666699922,15900.0,5700.0
14.025333333371748,19.37533333332908,0.8400000000108321,24.707333333360282,15950.0,5700.0
14.518000000052211,19.55966666670861,-0.4069999999956053,25.15100000003656,16000.0,5700.0
14.019999999987931,18.663666666647316,-0.8686666666690712,24.759000000003084,16050.0,5700.0
13.89299999996041,18.425333333311755,-0.5153333333751675,24.458999999978914,16100.0,5700.0
14.105333333347403,18.18033333332636,-0.6739999999894053,24.910666666677628,16150.0,5700.0
13.874333333347977,17.36633333329962,-0.09033333334684812,25.210999999991657,16200.0,5700.0
13.479333333314969,17.76033333335647,-0.10533333330897676,24.864666666672974,16250.0,5700.0
12.466999999993789,18.457333333365966,0.2473333333341543,24.5603333333122,16300.0,5700.0
12.000333333332946,19.09366666666301,-0.3329999999834854,25.067333333339548,16350.0,5700.0
12.360999999998512,18.754666666680464,0.2543333333449027,24.70833333333644,16400.0,5700.0
12.492999999977883,18.978999999959,0.023333333309949467,25.15899999998794,16450.0,5700.0
12.15200000000749,18.79766666665006,-0.2250000000003638,25.362333333340814,16500.0,5700.0
12.172333333353436,18.26433333334876,-0.2639999999942688,25.114999999971133,16550.0,5700.0
12.114666666676044,18.195000000034156,-0.44366666667627896,25.14666666666443,16600.0,5700.0
12.697000000017056,18.03599999998795,-0.5290000000002237,25.77633333331164,16650.0,5700.0
12.612999999994656,16.970000000000596,-0.1333333333519704,25.40399999993781,16700.0,5700.0
12.678333333333569,16.90166666669768,-0.26766666668009975,25.692333333360295,16750.0,5700.0
13.015333333292745,16.730999999978735,-1.0523333333267715,25.494999999970958,16800.0,5700.0
13.36733333332063,16.98966666666024,-0.5746666666794908,25.59966666662916,16850.0,5700.0
13.135333333345045,17.028000000003374,-0.6676666666649567,25.62666666666047,16900.0,5700.0
12.986000000054787,16.662000000025046,-0.30599999995217786,26.492333333365536,16950.0,5700.0
13.021999999978107,16.510999999965748,-0.876000000005206,26.10033333333206,17000.0,5700.0
12.67133333332282,16.423666666689485,-1.5863333333498986,25.84833333330039,17050.0,5700.0
12.919333333343275,16.44500000001159,-1.361666666674921,25.828333333315356,17100.0,5700.0
12.696666666656142,16.770000000008167,-0.6310000000198102,25.393999999963057,17150.0,5700.0
12.774666666643952,16.041999999956147,-1.3096666666712053,25.088333333336266,17200.0,5700.0
12.82933333335734,16.150666666696623,-1.773333333261462,24.89866666671503,17250.0,5700.0
12.702000000004432,15.226333333338005,-1.6649999999884812,24.87800000000817,17300.0,5700.0
12.35866666668528,15.17800000002012,-1.7256666666654041,24.613000000002216,17350.0,5700.0
12.34133333330334,15.25966666669376,-1.8363333333581977,23.94533333333726,17400.0,5700.0
12.567333333279862,15.582999999992353,-2.7846666666775377,24.18699999996221,17450.0,5700.0
12.87933333337321,15.60700000002413,-1.668666666603258,24.303666666689594,17500.0,5700.0
12.955000000012262,15.853333333346598,-0.8766666666559786,23.99833333335266,17550.0,5700.0
13.393000000014865,15.528999999965265,-1.311333333298137,24.49766666668296,17600.0,5700.0
13.089333333304864,15.852666666660298,-1.3563333333266314,24.849333333314405,17650.0,5700.0
12.928333333306341,16.621333333333155,-1.9643333333618784,24.72166666663611,17700.0,5700.0
13.237333333364631,16.890333333350327,-1.5099999999890201,24.79700000002083,17750.0,5700.0
13.006333333365205,16.211000000012632,-1.9226666666227743,25.276333333366097,17800.0,5700.0
13.922666666665862,16.324000000018657,-1.4739999999946463,25.0610000000151,17850.0,5700.0
13.932999999966,15.6379999999956,-2.4716666666790843,24.903333333305966,17900.0,5700.0
13.084000000027629,15.150666666663426,-2.5903333333587852,24.61433333333929,17950.0,5700.0
13.220666666704517,14.849000000012325,-2.9473333333029927,24.39733333336136,18000.0,5700.0
13.429666666695539,14.973999999980947,-3.2186666666689234,24.53233333334026,18050.0,5700.0
13.381333333342127,14.716333333311127,-3.476666666628603,24.52833333336457,18100.0,5700.0
12.799333333362028,14.553333333324758,-3.3899999999675856,24.02966666664952,18150.0,5700.0
12.32400000002798,14.373333333317362,-3.6926666666659003,24.060000000005743,18200.0,5700.0
12.51933333332289,14.237666666616633,-3.5313333333419905,24.007333333315728,18250.0,5700.0
12.148333333357186,13.733999999985258,-3.3640000000190184,24.414000000021474,18300.0,5700.0
11.705000000006294,13.679666666632784,-2.784666666713065,24.48933333333514,18350.0,5700.0
11.508000000048924,12.589333333394848,-2.862333333268907,24.60766666672498,18400.0,5700.0
11.752999999963265,12.38266666668153,-3.048999999997193,23.52866666665676,18450.0,5700.0
11.246666666657745,11.96766666666349,-3.7060000000010973,23.23633333332964,18500.0,5700.0
11.250333333379103,11.884000000002004,-3.601333333342893,23.07500000000573,18550.0,5700.0
10.877333333283445,11.821333333301709,-3.2709999999980255,22.718999999966627,18600.0,5700.0
11.254000000029407,11.192666666701712,-3.4573333332943434,23.431000000009305,18650.0,5700.0
11.036666666655037,11.039000000003796,-3.459333333353243,23.698666666689405,18700.0,5700.0
10.862000000031458,10.064000000014062,-3.047000000009348,23.47099999997937,18750.0,5700.0
10.829000000001088,10.446000000001732,-3.1226666666483993,23.181000000036533,18800.0,5700.0
10.493333333272403,10.698666666613121,-2.552333333341039,22.844333333296163,18850.0,5700.0
10.573666666680026,10.123666666679298,-2.900999999972953,22.327000000004205,18900.0,5700.0
10.593666666700585,10.308333333384212,-2.401333333317268,22.33566666667741,18950.0,5700.0
10.16833333334688,10.104000000019653,-2.060999999997648,22.175666666690574,19000.0,5700.0
10.33400000004292,10.320000000021423,-2.4859999999904403,22.847666666692135,19050.0,5700.0
9.51866666667911,11.10733333334224,-2.8046666666625697,23.084666666655096,19100.0,5700.0
9.309000000001788,10.910666666674729,-2.8203333333465253,22.27866666668632,19150.0,5700.0
9.599000000015678,10.09899999999675,-2.8196666666602255,22.140000000021587,19200.0,5700.0
9.307666666664716,9.255999999986386,-2.7173333333152527,21.80899999999042,19250.0,5700.0
10.146666666663862,9.255000000010227,-2.2543333333402416,21.623000000019488,19300.0,5700.0
9.469000000024153,8.066000000042095,-2.704333333269915,20.973333333351718,19350.0,5700.0
9.08133333332728,7.820333333334872,-2.363000000009663,20.874333333331663,19400.0,5700.0
9.72233333335737,7.87033333338627,-2.2086666666609744,20.887333333377,19450.0,5700.0
9.512333333354661,7.920000000041227,-1.5243333333003761,20.678000000025065,19500.0,5700.0
9.851333333337209,7.4896666667001455,-1.674333333312461,20.720333333343888,19550.0,5700.0
10.036999999982754,7.943666666641036,-1.1093333333533906,21.566333333318255,19600.0,5700.0
9.506333333355599,7.513666666696395,-0.9719999999546758,21.112333333341837,19650.0,5700.0
9.541333333373814,7.6456666666757656,-0.5343333333129863,21.574000000015303,19700.0,5700.0
9.097000000011235,7.535333333379413,-0.8289999999533393,21.523999999999432,19750.0,5700.0
8.917999999979997,7.56933333327936,-0.5963333333625087,21.432999999966285,19800.0,5700.0
9.195999999995763,3.863666666639176,3.298333333319192,11.943333333341855,0.0,1900.0
9.585000000029709,4.0643333333534315,3.6140000000273176,12.258333333328153,50.0,1900.0
9.512666666680047,4.08799999995324,3.6176666666420942,12.347333333337929,100.0,1900.0
8.893999999983748,4.2573333333351115,3.7243333333236706,12.733666666662202,150.0,1900.0
9.579666666716946,4.276333333379512,4.345000000043342,13.100333333362357,200.0,1900.0
9.487999999997498,4.303000000014379,4.509333333366783,13.275999999997623,250.0,1900.0
9.606333333316286,4.576333333332627,4.2696666666586225,13.50466666664829,300.0,1900.0
9.018666666698039,4.543666666698698,4.358666666668398,13.795000000023094,350.0,1900.0
8.969666666658327,4.648000000031516,4.516333333377531,14.185333333358585,400.0,1900.0
8.94333333331332,4.171333333324867,4.229000000002259,13.959333333346535,450.0,1900.0
8.678666666668278,4.375666666618372,3.519666666633725,14.032333333275915,500.0,1900.0
8.66699999999554,4.520333333353221,3.816000000007591,13.838333333318076,550.0,1900.0
8.668333333332612,4.617666666675291,3.907999999981371,14.425333333321078,600.0,1900.0
8.555999999941832,4.691333333255443,4.035666666624138,14.842999999942208,650.0,1900.0
8.61200000002782,4.837666666652751,4.536333333327036,14.809999999982892,700.0,1900.0
8.803333333347041,5.221666666699321,4.101666666684878,15.146000000001436,750.0,1900.0
8.661333333321863,5.022666666647524,4.136333333342179,15.586999999968043,800.0,1900.0
8.508333333345774,4.932666666697116,4.298666666677775,15.205333333341287,850.0,1900.0
8.217333333284671,5.463666666649658,4.652999999983365,15.54866666662491,900.0,1900.0
8.083333333352982,5.412000000006856,4.26900000000785,15.192333333331476,950.0,1900.0
8.249666666699795,5.259333333356153,4.428666666669301,16.001999999986083,1000.0,1900.0
7.635333333375627,5.487000000030662,4.486666666707606,15.56533333335608,1050.0,1900.0
8.056666666647061,5.9553333333184355,4.957333333344138,16.024333333319873,1100.0,1900.0
7.108000000002335,5.951666666703659,4.497666666658517,15.84566666664955,1150.0,1900.0
7.343666666699278,6.215000000011628,4.644333333345685,15.894666666689261,1200.0,1900.0
6.878999999990754,6.313000000019997,4.594333333365341,15.51366666667775,1250.0,1900.0
6.784666666632688,6.110666666643283,4.196000000007416,15.646333333307894,1300.0,1900.0
6.67300000003479,6.8056666666649335,4.327000000046155,15.906000000001086,1350.0,1900.0
6.07366666667275,6.629666666668754,4.3099999999896,15.356000000004144,1400.0,1900.0
5.988666666674192,6.821999999999662,4.565999999996961,15.592000000026474,1450.0,1900.0
6.0626666666507845,6.181333333330485,4.681666666641604,15.737333333305514,1500.0,1900.0
5.601000000012846,6.820666666698116,4.84000000000151,15.803666666656113,1550.0,1900.0
5.395333333382268,6.640333333365334,4.945000000020627,15.72500000001753,1600.0,1900.0
6.067000000022915,6.9643333333502255,5.239333333371121,15.820000000061896,1650.0,1900.0
5.835666666662576,7.0906666666914475,4.919333333326392,15.429333333329964,1700.0,1900.0
5.517666666676746,7.446666666695023,4.702000000023077,15.446333333315465,1750.0,1900.0
5.492999999994197,7.378666666646438,5.071333333326322,15.504333333318243,1800.0,1900.0
5.517666666605692,7.255333333304748,5.394000000009669,15.66566666667768,1850.0,1900.0
5.634666666693988,7.108000000002335,4.994666666675585,15.865999999959968,1900.0,1900.0
5.46533333327659,7.278666666650224,4.498666666634676,16.119333333293184,1950.0,1900.0
5.460333333324741,7.641000000013776,4.846000000036099,16.377333333359445,2000.0,1900.0
5.4306666666903425,7.544000000017093,4.883333333332018,16.835666666672466,2050.0,1900.0
5.466666666649189,8.040999999998633,5.2986666666754445,16.784666666680437,2100.0,1900.0
5.611333333348512,8.224000000041087,5.210666666712882,17.1283333333605,2150.0,1900.0
5.41499999997086,8.459666666666976,5.075666666662926,17.00766666665743,2200.0,1900.0
5.491333333296211,8.189333333312732,5.003333333348792,16.929999999995005,2250.0,1900.0
5.634666666622934,8.4546666666796,5.190666666692323,16.679333333335933,2300.0,1900.0
5.35133333336546,9.165666666675065,5.1723333333342225,16.91966666665934,2350.0,1900.0
5.761666666685983,9.282666666692307,4.616333333338218,16.880000000050188,2400.0,1900.0
5.7273333333185406,9.373333333329015,4.985333333316078,17.642333333327542,2450.0,1900.0
5.421999999981608,9.758666666606075,4.695666666627574,17.20599999995187,2500.0,1900.0
5.523333333243841,10.175999999972873,5.037999999970566,17.480333333317333,2550.0,1900.0
4.830333333352144,10.078666666650804,4.549666666662233,17.33933333333937,2600.0,1900.0
5.157333333372094,10.50700000000404,4.674666666666383,17.242999999993458,2650.0,1900.0
5.463333333359799,10.3426666666806,4.4710000000236505,17.9286666666556,2700.0,1900.0
5.644000000017968,10.118333333366536,4.267000000055532,18.15466666670318,2750.0,1900.0
5.648333333283517,10.778666666624304,4.475333333324727,18.421666666625924,2800.0,1900.0
5.1903333333314094,10.510666666689872,4.496333333321445,18.04133333333624,2850.0,1900.0
5.6616666666542415,10.42933333330609,4.480999999962876,18.395666666606303,2900.0,1900.0
5.625333333334481,10.077333333313732,4.522666666666453,18.415000000011617,2950.0,1900.0
5.516999999990446,10.77933333334613,4.6079999999903976,18.491666666662354,3000.0,1900.0
5.534333333301333,10.266999999970494,4.823333333305868,18.266333333301077,3050.0,1900.0
5.619666666660805,10.593999999990444,4.594999999980587,18.42266666663761,3100.0,1900.0
4.881333333344173,10.199999999969123,4.736666666644851,18.097666666605505,3150.0,1900.0
4.848000000023944,10.66200000003903,4.8606666666728415,18.685000000004948,3200.0,1900.0
5.05933333329267,10.093333333287546,4.973666666643339,18.576666666660913,3250.0,1900.0
5.078999999987843,10.015666666696177,5.482333333333145,19.148000000015486,3300.0,1900.0
5.045333333342228,10.243333333335158,5.693666666672925,19.30833333332771,3350.0,1900.0
4.819000000004792,10.381666666674505,5.860000000019738,19.40700000002238,3400.0,1900.0
5.021999999996751,10.654000000016595,6.162333333321612,19.38233333333983,3450.0,1900.0
5.1979999999929305,10.383666666697877,6.5659999999923,19.18799999998555,3500.0,1900.0
4.900666666678433,10.665000000003033,6.799666666701398,19.117333333333875,3550.0,1900.0
4.919999999977165,10.368333333339308,6.486666666667418,19.269333333333805,3600.0,1900.0
4.932333333336203,9.96866666664431,6.561000000004924,18.699666666677217,3650.0,1900.0
5.24433333332297,10.127666666654989,6.90633333331192,19.167666666639605,3700.0,1900.0
4.9463333333577,10.000666666698521,7.146333333345467,19.454000000038718,3750.0,1900.0
4.560000000068953,9.863666666696247,7.149666666705912,19.777666666698224,3800.0,1900.0
4.9623333333315145,9.7896666666486,7.452999999983945,20.04999999996926,3850.0,1900.0
4.430999999982532,9.62833333332469,7.988333333344144,20.435999999968146,3900.0,1900.0
4.552000000046519,9.242000000000417,8.129666666647495,20.449000000013484,3950.0,1900.0
4.199333333367861,9.226333333387515,8.169333333363227,20.805000000052587,4000.0,1900.0
3.934666666651765,8.89766666666958,7.996000000005665,20.483999999996172,4050.0,1900.0
4.429666666716514,8.491666666721187,8.40433333337387,20.66900000002647,4100.0,1900.0
4.787666666672408,8.301666666703511,8.406333333326188,21.473999999983562,4150.0,1900.0
4.411333333322887,8.032000000000039,8.365666666669824,20.78266666668327,4200.0,1900.0
4.635666666636951,8.065666666645654,9.06333333336562,21.16233333332218,4250.0,1900.0
4.476333333300886,7.839999999958991,9.280666666668935,20.88799999995672,4300.0,1900.0
4.832666666629848,7.641666666629021,9.077999999966835,21.301999999963073,4350.0,1900.0
4.966999999993504,8.138666666646088,9.777333333325089,21.32599999999485,4400.0,1900.0
5.038000000006093,8.191333333336104,9.978666666619063,21.67166666666276,4450.0,1900.0
4.969000000016877,7.992999999970607,10.020666666648026,21.380333333311796,4500.0,1900.0
4.902000000015505,7.8793333333493365,9.480333333335977,21.199999999979013,4550.0,1900.0
4.714999999961833,7.876333333314278,10.091999999986001,21.45166666664977,4600.0,1900.0
4.858333333324083,8.03966666666156,9.811333333331618,21.810666666652878,4650.0,1900.0
4.91733333330302,7.447333333274742,9.948666666623751,21.69799999997224,4700.0,1900.0
4.867333333358204,7.566333333350883,10.398666666695533,22.368666666672254,4750.0,1900.0
4.494666666658986,7.725333333290507,10.68766666666221,22.100999999992155,4800.0,1900.0
4.378333333363571,7.453333333380385,10.583000000039533,21.953333333399883,4850.0,1900.0
4.655000000006737,7.328666666666095,10.748333333339133,21.6530000000148,4900.0,1900.0
4.846333333290431,7.135666666648888,11.143666666626473,21.46566666663574,4950.0,1900.0
4.622000000011894,6.796999999991726,11.056333333385737,21.354000000002316,5000.0,1900.0
4.843666666687341,6.630333333390581,10.671333333363009,21.395666666705893,5050.0,1900.0
5.288000000049919,6.121000000014476,10.908000000000584,21.34733333335248,5100.0,1900.0
5.386333333348148,6.641333333341493,11.531999999974119,22.12999999997578,5150.0,1900.0
5.061666666641429,6.191666666630624,11.196333333316488,22.449999999984982,5200.0,1900.0
4.893666666667684,6.287666666651148,11.467666666682419,22.480666666666593,5250.0,1900.0
5.294333333338841,6.899666666662085,12.039333333326852,22.537000000006913,5300.0,1900.0
5.220333333326721,6.583999999989487,12.01766666667936,22.760666666670204,5350.0,1900.0
5.5599999999955685,6.1320000000009145,12.438666666660936,22.90733333335737,5400.0,1900.0
5.182999999995275,6.483999999993273,12.275333333384708,22.755000000067582,5450.0,1900.0
5.2946666666287,6.370999999987248,12.686999999971249,22.381666666646538,5500.0,1900.0
5.6769999999772836,5.977666666652226,13.097000000001913,22.904333333322313,5550.0,1900.0
5.430333333293902,6.553333333343403,12.728999999964685,22.777666666655705,5600.0,1900.0
5.5086666666781525,6.257666666691364,13.005666666678906,22.309666666693317,5650.0,1900.0
5.830666666675199,6.517333333349029,13.648666666661313,22.91433333336812,5700.0,1900.0
5.562333333344327,6.640999999980579,13.574333333323807,22.51499999999851,5750.0,1900.0
5.7536666666990754,6.574333333375648,13.370333333391216,22.623333333342543,5800.0,1900.0
6.17033333330852,7.370666666659531,13.902333333355443,22.644999999990034,5850.0,1900.0
5.956000000040262,6.9346666666803,14.221000000027573,23.082666666702778,5900.0,1900.0
6.022666666645193,6.9083333333352925,14.33099999999854,22.642666666676803,5950.0,1900.0
6.041000000003294,6.644000000015637,13.894333333333009,22.70933333331726,6000.0,1900.0
6.644666666630883,7.339000000001761,14.584333333331756,23.182666666663465,6050.0,1900.0
6.404000000017618,7.299999999972329,14.473000000023717,22.893333333300347,6100.0,1900.0
6.389999999960594,7.224666666623136,15.154999999964502,22.861999999967964,6150.0,1900.0
6.025333333354865,7.043333333349722,15.262666666728819,22.10966666670089,6200.0,1900.0
5.995333333324027,7.2969999999727975,15.254000000020085,21.768333333334056,6250.0,1900.0
6.152333333382387,6.987666666695702,15.086666666697113,21.54933333336828,6300.0,1900.0
5.998333333323558,6.959666666617181,15.41733333333184,21.36066666665215,6350.0,1900.0
6.015333333344586,7.2570000000027335,15.318999999998084,21.445333333325323,6400.0,1900.0
6.149333333347329,7.1106666666764795,15.14100000001406,21.82566666668606,6450.0,1900.0
6.23566666668296,7.919666666680314,14.93199999998751,22.167666666632613,6500.0,1900.0
6.567000000003986,7.973666666671875,15.737000000015655,22.717333333339695,6550.0,1900.0
6.341999999968095,8.322333333303789,15.83166666666358,22.709666666642647,6600.0,1900.0
6.176999999993882,8.377666666632422,15.68966666667393,22.57800000002419,6650.0,1900.0
6.355666666699733,9.146999999991579,16.045000000026732,22.229666666682135,6700.0,1900.0
6.56999999996799,9.806333333308714,16.058000000001016,22.076333333309606,6750.0,1900.0
6.958999999966409,9.461666666616964,15.864999999948282,22.379666666623166,6800.0,1900.0
6.99299999993741,9.5043333332967,16.146333333288965,22.113666666605525,6850.0,1900.0
6.745333333348924,10.252000000043893,15.809666666690703,21.712333333319123,6900.0,1900.0
7.1316666666376705,10.307666666662385,16.6763333333364,21.842999999996948,6950.0,1900.0
7.573666666651491,10.46633333331215,17.016333333330635,22.013999999970224,7000.0,1900.0
7.703000000027771,10.958666666667227,16.35933333332673,21.400999999983128,7050.0,1900.0
8.324000000001774,10.522333333291556,16.71366666663232,21.819999999976858,7100.0,1900.0
8.491333333360274,10.83933333337228,17.264333333386617,22.21300000002202,7150.0,1900.0
8.30266666667967,10.554666666635626,17.14566666667139,21.471999999995717,7200.0,1900.0
8.821000000054369,10.956333333353996,17.171333333365624,21.99033333333489,7250.0,1900.0
9.036000000008926,11.151333333323521,17.106999999967343,22.0019999999721,7300.0,1900.0
8.735333333333983,10.795000000030086,17.492666666640844,22.17200000004027,7350.0,1900.0
9.067333333305783,10.46233333333646,17.667333333335478,21.855666666681373,7400.0,1900.0
9.171000000023355,10.345666666680131,17.405000000003668,21.70466666669313,7450.0,1900.0
9.428666666693175,10.874333333354969,18.198333333359074,21.860000000017976,7500.0,1900.0
8.768999999979599,10.946999999958962,18.416333333313162,21.817999999953486,7550.0,1900.0
8.812333333310107,10.568666666657123,18.41866666666192,21.909666666672933,7600.0,1900.0
8.78633333336154,10.600666666675806,18.069000000053848,21.25100000000657,7650.0,1900.0
9.34433333334539,10.61833333331208,18.039999999999168,21.907333333324175,7700.0,1900.0
9.877666666682217,10.743666666641616,18.636000000000763,22.110333333316134,7750.0,1900.0
9.811666666657004,11.09666666664566,18.784333333314862,22.36633333328797,7800.0,1900.0
10.080666666709703,11.60166666672069,18.68333333334249,22.625666666691302,7850.0,1900.0
9.991666666735455,11.340333333365038,18.73733333333405,22.85966666669026,7900.0,1900.0
9.509666666609462,12.126333333277728,18.638666666603854,22.769333333272357,7950.0,1900.0
9.583666666657109,12.120666666639579,19.51066666663337,23.190666666650372,8000.0,1900.0
9.49399999999656,11.82866666667337,19.241333333361865,22.755333333321914,8050.0,1900.0
9.075333333363744,12.00466666666955,19.510999999994283,22.698666666691736,8100.0,1900.0
9.187333333358083,12.259333333339839,19.50299999997185,22.63966666667727,8150.0,1900.0
9.11766666664704,11.99600000003187,19.48566666666096,22.783000000003995,8200.0,1900.0
9.295333333341205,11.516000000000304,19.55133333332526,22.814666666661765,8250.0,1900.0
8.927333333375032,11.540333333357466,19.860333333348024,22.74666666671976,8300.0,1900.0
9.020666666685884,11.864000000016972,19.615000000001714,22.92066666669257,8350.0,1900.0
8.781999999953882,11.43233333330329,20.10933333330911,22.961333333313405,8400.0,1900.0
9.139333333330057,11.19766666665356,20.244666666648925,22.71066666668986,8450.0,1900.0
9.11366666667135,10.824666666628957,19.508333333355665,22.38066666667038,8500.0,1900.0
9.133333333295468,10.294666666688101,20.103000000020188,22.54100000001813,8550.0,1900.0
8.85066666665324,10.717333333367662,21.06033333333812,22.522333333334643,8600.0,1900.0
8.559666666627663,10.449333333291122,20.77133333330039,21.908333333300334,8650.0,1900.0
8.765666666654681,10.877666666679886,21.155000000021573,22.691333333320074,8700.0,1900.0
8.604999999946017,10.381666666638978,20.554999999973234,22.189999999966403,8750.0,1900.0
8.50366666661273,10.228333333301975,20.794999999935726,22.28833333330016,8800.0,1900.0
8.506333333322402,9.718666666707065,20.724333333319578,21.971333333290488,8850.0,1900.0
8.253333333350099,9.532999999990466,20.14066666667702,21.21400000000051,8900.0,1900.0
8.183999999999969,9.732000000006735,20.32599999999718,21.62766666664595,8950.0,1900.0
7.947000000001481,9.54499999998859,19.83299999999133,21.398666666669897,9000.0,1900.0
8.020000000037442,8.784333333373695,19.273666666705935,20.747333333375195,9050.0,1900.0
8.172000000037372,8.985666666703196,19.270000000020104,21.219666666674186,9100.0,1900.0
8.496666666637509,8.117999999974757,19.308333333363237,21.717333333342026,9150.0,1900.0
8.718333333277428,8.20499999996116,19.716999999985774,22.156666666646174,9200.0,1900.0
8.231333333306168,7.966999999986513,19.311666666652627,22.094000000016933,9250.0,1900.0
8.315333333328567,7.903999999996358,19.244000000000483,21.695666666659008,9300.0,1900.0
8.3353333333136,7.622666666691202,19.30699999995511,21.46266666663621,9350.0,1900.0
8.171666666640931,7.74433333329938,19.012666666640143,21.331666666632998,9400.0,1900.0
8.361333333368748,7.026000000003307,19.14066666667935,20.985000000024456,9450.0,1900.0
9.055666666668571,6.020666666657348,18.781333333350858,20.679666666651997,9500.0,1900.0
8.554000000025042,5.819666666688761,18.643333333372425,20.943333333391934,9550.0,1900.0
8.729999999985694,5.509333333328925,18.68866666665525,20.968333333293288,9600.0,1900.0
8.470333333328028,4.978999999991629,18.670333333332678,21.179666666668595,9650.0,1900.0
8.185333333337041,4.159666666652129,18.6779999999942,21.053666666688287,9700.0,1900.0
8.356000000020458,4.250333333324363,18.862000000012813,21.304666666672745,9750.0,1900.0
8.304333333342129,3.6323333333143637,18.563333333361243,20.78133333331067,9800.0,1900.0
7.777999999944996,3.319999999931156,19.13433333328385,20.434666666631074,9850.0,1900.0
8.529000000052633,3.2976666667039467,19.01866666671026,20.46466666669744,9900.0,1900.0
8.044333333359077,2.973333333322614,18.080999999980918,20.445666666688567,9950.0,1900.0
8.065666666716709,2.900666666683094,18.444333333356155,20.401999999997145,10000.0,1900.0
7.858333333317091,3.518666666657566,19.06466666664386,20.57699999994611,10050.0,1900.0
8.093000000002348,3.3776666666085475,18.4273333332996,19.672666666608052,10100.0,1900.0
7.960333333336678,3.4826666666631922,18.364000000019587,19.772333333349934,10150.0,1900.0
7.866666666629385,3.1996666666600504,18.0939999999552,19.081000000014114,10200.0,1900.0
7.648333333314383,3.1969999999503784,18.26866666661431,19.380333333316457,10250.0,1900.0
6.795000000003881,3.0276666666750884,18.28066666664796,19.10699999999821,10300.0,1900.0
6.961333333350694,2.9100000000070736,18.13633333334508,18.983000000005745,10350.0,1900.0
6.601999999986674,2.872333333314714,18.041999999987013,19.839333333351306,10400.0,1900.0
6.623666666669692,2.6953333333423757,17.308333333367898,19.635999999998432,10450.0,1900.0
6.437333333337847,2.6063333333326,17.1410000000094,19.24433333332587,10500.0,1900.0
6.071666666649378,2.5376666666332426,17.308999999947616,19.725999999984367,10550.0,1900.0
6.74166666669862,2.26533333332668,17.213666666719973,18.698333333375672,10600.0,1900.0
6.420666666677732,3.0266666666634023,17.44433333332296,19.58366666666933,10650.0,1900.0
5.656333333377006,3.257333333337442,17.321000000016795,18.98733333334235,10700.0,1900.0
5.611333333277457,3.209999999960189,17.08566666664524,18.675999999970827,10750.0,1900.0
6.0226666666807205,3.1226666666839265,17.02266666669061,18.820000000019377,10800.0,1900.0
6.467000000007772,3.0763333333183596,16.562666666679604,18.722333333336394,10850.0,1900.0
6.778999999994539,2.8556666666901265,16.63466666670388,18.665666666706215,10900.0,1900.0
6.772666666705618,2.2256666667175296,16.655000000014297,18.757666666679995,10950.0,1900.0
6.176999999993882,2.4073333333518576,16.50200000000268,18.808666666672025,11000.0,1900.0
6.822333333360575,2.391666666667902,16.760666666684187,18.623666666641725,11050.0,1900.0
6.676999999974953,2.572333333290544,16.319333333285613,18.605999999969924,11100.0,1900.0
6.682666666719683,2.600666666694451,16.73733333333871,18.70933333336211,11150.0,1900.0
6.911999999985596,3.17666666663996,16.565000000028363,18.496999999975117,11200.0,1900.0
6.327333333331353,2.5243333333335727,16.49600000000362,17.180666666654076,11250.0,1900.0
6.028666666679783,2.86866666666441,16.88700000002541,17.057000000022526,11300.0,1900.0
7.059666666648923,3.1893333333243845,16.860333333355015,16.922333333333484,11350.0,1900.0
6.658666666687907,3.0743333333305145,16.323666666657743,16.920666666671025,11400.0,1900.0
6.516333333337343,3.552666666699622,15.936000000067452,16.706666666692627,11450.0,1900.0
6.128666666675997,3.7670000000034065,16.420999999979813,17.00033333335682,11500.0,1900.0
6.467333333297631,3.5856666666234105,14.842666666616822,16.52399999997556,11550.0,1900.0
5.962333333293657,3.5513333332914954,14.241666666663377,16.973999999976286,11600.0,1900.0
5.708000000019808,3.3240000000134273,14.572000000043772,16.908666666708427,11650.0,1900.0
5.729333333306386,3.615666666618722,14.707333333277006,17.581333333325233,11700.0,1900.0
5.436999999979264,3.7796666666523038,15.56766666666931,17.370333333346366,11750.0,1900.0
6.351666666652989,4.156999999977984,16.040666666619074,17.922666666621012,11800.0,1900.0
5.4440000000255395,3.990666666702225,15.848333333359221,18.310333333353412,11850.0,1900.0
5.7310000000043715,4.046666666681631,15.107333333332917,18.111000000011757,11900.0,1900.0
5.536666666685619,4.61799999996515,15.630333333298552,17.957999999964613,11950.0,1900.0
5.370666666628665,4.062666666655446,15.966666666642482,17.97433333329934,12000.0,1900.0
6.306333333299108,4.7323333333437745,16.33699999999294,17.54900000001669,12050.0,1900.0
5.86633333330866,5.224333333337938,16.442333333337444,18.45100000000599,12100.0,1900.0
5.515666666653374,5.721333333355005,16.29633333330105,17.489333333351453,12150.0,1900.0
5.8593333333334385,5.774666666660266,16.12099999999117,17.57366666669924,12200.0,1900.0
6.1596666666474675,5.563666666645872,16.163000000020133,17.67033333329948,12250.0,1900.0
6.2050000000368755,5.60000000000116,15.921333333324128,17.331333333316934,12300.0,1900.0
5.6830000000474,5.7136666667290115,15.888000000039426,17.780666666702416,12350.0,1900.0
4.929333333301145,5.617333333347574,15.879333333330692,17.304333333285626,12400.0,1900.0
5.109999999994841,5.819666666653234,15.760333333290077,17.07166666665927,12450.0,1900.0
5.496666666644501,5.952333333283377,16.017333333309125,17.061333333288076,12500.0,1900.0
5.316333333347245,6.470666666658076,15.645999999982507,16.643666666666945,12550.0,1900.0
5.5903333333517935,7.227000000007422,16.134333333326367,16.950000000015564,12600.0,1900.0
5.2293333333253145,6.934333333319387,15.160000000022933,16.316666666646995,12650.0,1900.0
4.6640000000053305,6.900666666638244,15.42966666665535,15.723333333355072,12700.0,1900.0
4.564333333334503,7.1153333333739965,15.380999999976552,16.679333333335933,12750.0,1900.0
4.7816666667088725,6.99499999999631,15.251999999996713,16.353000000002282,12800.0,1900.0
4.072666666701252,6.514666666674884,14.41800000002047,16.048333333316123,12850.0,1900.0
3.44433333332006,6.394000000042865,14.032666666707883,16.005333333346528,12900.0,1900.0
3.627666666652374,6.433999999941875,15.405999999984488,16.523666666614645,12950.0,1900.0
3.4013333333149376,6.555999999982021,13.577666666648724,16.516666666639424,13000.0,1900.0
2.9509999999888237,6.218999999987318,13.793999999975881,16.477333333320132,13050.0,1900.0
2.856000000015513,6.0226666666807205,14.063666666643826,16.541333333321973,13100.0,1900.0
3.4896666666739407,6.699666666705184,14.28066666669281,17.032666666665364,13150.0,1900.0
3.687666666678524,6.497666666689383,14.406666666673118,16.69166666669497,13200.0,1900.0
3.5150000000072623,6.820999999987976,14.055999999982305,17.33366666670122,13250.0,1900.0
2.9763333333221453,6.444333333348595,13.140333333367948,17.274000000035983,13300.0,1900.0
3.064333333355762,6.751333333312459,12.739000000010492,16.68700000003298,13350.0,1900.0
2.9410000000140712,7.393333333354235,13.197000000033654,16.284000000013066,13400.0,1900.0
2.7923333333390588,6.550999999994644,13.355333333322505,16.119000000003325,13450.0,1900.0
3.2110000000429295,7.557000000026903,13.576333333311652,16.79200000001657,13500.0,1900.0
3.392000000026485,6.9853333333114165,13.009333333364737,17.187666666664825,13550.0,1900.0
3.032999999987851,7.063666666695667,13.020333333315648,16.76433333337002,13600.0,1900.0
3.8476666667008885,6.88900000003656,12.740333333347564,16.961333333362916,13650.0,1900.0
3.961333333322159,6.957333333375004,12.457000000019036,17.04966666668639,13700.0,1900.0
3.7716666666653964,7.297666666694624,12.317333333342617,16.891333333362013,13750.0,1900.0
3.074666666691428,7.27566666668622,12.28233333335993,17.075666666670486,13800.0,1900.0
3.0180000000257223,7.2446666666792225,12.214666666707785,16.465333333357535,13850.0,1900.0
3.39799999999002,6.698666666622444,12.508333333265398,16.85399999999504,13900.0,1900.0
3.014000000014505,7.010666666680265,12.710000000026866,17.066666666671892,13950.0,1900.0
2.3949999999928195,7.379333333297211,12.50633333331308,16.876666666654216,14000.0,1900.0
2.4196666667108957,7.7186666667117265,12.17200000002805,17.14300000003277,14050.0,1900.0
1.812000000001035,7.177333333316938,11.368666666626837,16.69699999993668,14100.0,1900.0
1.912666666683549,7.874000000001047,12.01933333334182,17.14400000000893,14150.0,1900.0
2.4216666666632136,7.980666666682623,11.69166666663557,17.959000000011827,14200.0,1900.0
2.187000000049011,7.757999999995491,11.115666666654533,17.544999999969946,14250.0,1900.0
1.8539999999944712,7.9353333333642695,10.505000000016196,18.04033333336008,14300.0,1900.0
1.4386666666865722,7.640333333327476,10.73833333336438,18.66333333332193,14350.0,1900.0
2.412333333374761,8.300333333366439,12.011666666680298,19.211000000041167,14400.0,1900.0
1.8576666666803021,8.235000000027526,10.734333333317636,18.81133333334617,14450.0,1900.0
2.3389999999778865,8.136333333332857,11.782333333378858,18.454333333330908,14500.0,1900.0
2.627333333293791,8.385666666654856,12.377999999984013,18.75800000000538,14550.0,1900.0
2.8433333333310884,8.699333333375137,12.605333333368662,19.114333333334343,14600.0,1900.0
2.59300000003293,8.401000000013426,11.665000000000703,18.96733333332179,14650.0,1900.0
2.1223333333253436,8.666333333344767,11.05033333331562,19.00133333329279,14700.0,1900.0
2.2030000000228256,8.0216666666999,10.705000000044151,18.875666666673396,14750.0,1900.0
2.0776666666932897,8.093000000037875,11.247666666669431,18.072333333343238,14800.0,1900.0
2.595999999996934,8.620000000014727,11.289333333337481,18.700000000002603,14850.0,1900.0
2.3853333333079263,8.211999999971908,11.92533333330914,18.577666666601544,14900.0,1900.0
3.3593333333215014,9.163333333361834,12.064666666660173,19.424333333333266,14950.0,1900.0
3.574333333347113,8.703333333350827,11.573000000026923,19.421000000043875,15000.0,1900.0
3.3193333333514374,9.15133333336371,11.916333333346074,19.317666666687217,15050.0,1900.0
3.648666666649092,8.898999999971124,11.527333333347656,19.77566666667485,15100.0,1900.0
3.560333333325616,8.769666666665898,11.364333333361287,19.811000000018453,15150.0,1900.0
3.8229999999828124,8.885666666671455,11.484999999993306,19.8646666666491,15200.0,1900.0
3.3243333333388136,8.64299999999929,11.38433333334632,19.647333333310257,15250.0,1900.0
3.4543333333303394,8.674999999982447,11.36366666663946,19.947666666659813,15300.0,1900.0
3.3590000000316422,8.650000000010039,11.932333333319889,20.533000000000357,15350.0,1900.0
3.0220000000014124,9.493333333310261,11.819000000024005,20.138333333328262,15400.0,1900.0
3.060666666669931,9.812999999994076,11.835333333323206,20.30166666671107,15450.0,1900.0
3.692333333340514,10.167000000009807,11.747666666650503,20.39399999997471,15500.0,1900.0
3.4096666666982856,10.091999999986001,12.493333333338796,20.539333333324805,15550.0,1900.0
3.8849999999968077,10.798333333319476,12.819000000021674,21.053333333327373,15600.0,1900.0
4.219333333352893,10.910666666674729,12.429666666662342,20.400666666660072,15650.0,1900.0
3.790333333313356,10.74866666666452,12.346999999977015,19.7983333332985,15700.0,1900.0
4.476666666626272,11.437333333326194,12.676333333310197,20.551666666648316,15750.0,1900.0
4.428333333379442,11.591333333313969,12.871333333350776,20.798333333331698,15800.0,1900.0
5.019333333393661,12.330666666713341,13.236000000063086,20.99700000002258,15850.0,1900.0
4.355999999958726,12.181666666641888,12.117999999965434,20.186666666646147,15900.0,1900.0
5.127999999956501,12.461333333320113,12.728666666639299,20.47633333333465,15950.0,1900.0
5.214333333327659,12.736333333336347,12.8649999999908,20.840666666686047,16000.0,1900.0
4.672333333353151,12.831333333345185,12.997000000005698,20.930333333346596,16050.0,1900.0
4.803333333320836,13.073666666656436,13.07799999999304,20.882666666643956,16100.0,1900.0
4.975333333305798,12.779666666631329,13.62133333330462,20.462999999963927,16150.0,1900.0
4.795333333333929,12.532333333297174,13.867333333337228,20.755000000036716,16200.0,1900.0
5.473333333299024,12.830999999984272,14.26999999999623,20.278333333330067,16250.0,1900.0
6.068999999975233,13.051333333322646,13.982000000005712,21.03666666663173,16300.0,1900.0
6.045666666700811,12.768666666680417,14.59799999999234,20.564666666658127,16350.0,1900.0
6.7326666666645,13.058999999984167,14.25933333329965,21.45566666662546,16400.0,1900.0
5.681000000024028,12.373333333322023,14.11333333333431,20.711000000019908,16450.0,1900.0
5.997666666672785,12.874333333385835,14.020000000023458,20.480000000020482,16500.0,1900.0
5.4060000000077935,12.320666666667535,13.517000000007329,20.527333333362208,16550.0,1900.0
5.37000000001342,12.462666666657185,13.724000000010506,19.95166666667103,16600.0,1900.0
5.680999999988501,12.505333333301394,14.093333333313751,20.328333333345938,16650.0,1900.0
5.0526666666428355,12.347000000012542,13.895000000019309,20.163666666661584,16700.0,1900.0
5.121333333271139,12.48799999995498,13.811333333322295,20.580999999957328,16750.0,1900.0
5.028999999971973,12.904999999960864,13.861333333302639,20.314333333288914,16800.0,1900.0
5.319333333346776,13.389333333364561,13.853333333386786,19.909000000026822,16850.0,1900.0
5.809666666642954,13.314333333376283,13.935333333314759,20.002333333302147,16900.0,1900.0
6.030999999993014,13.009666666654596,13.913666666667268,19.824999999968895,16950.0,1900.0
5.236666666661449,12.593000000009624,13.8693333333606,19.671000000016647,17000.0,1900.0
5.36333333329253,12.60733333332098,13.20733333336932,19.20700000002995,17050.0,1900.0
5.217666666652576,11.928999999994971,13.24166666663018,18.384999999980778,17100.0,1900.0
5.17633333334544,11.367999999976064,13.041666666708807,18.176666666676056,17150.0,1900.0
6.200333333303831,11.471333333332723,13.326666666664266,18.5783333333589,17200.0,1900.0
6.046000000026197,11.070000000010793,12.975000000032821,18.246000000026186,17250.0,1900.0
6.280666666675927,10.866666666693447,12.835000000031016,17.952000000001078,17300.0,1900.0
5.996666666661099,10.909333333337656,12.393666666667968,17.50433333334911,17350.0,1900.0
6.596333333312998,11.03400000001642,12.749666666671544,17.89300000002214,17400.0,1900.0
6.417333333317288,11.027666666691971,12.313000000006014,17.379666666670346,17450.0,1900.0
5.864666666646201,11.126333333280058,12.03266666664149,17.300666666635323,17500.0,1900.0
6.507666666664136,11.482333333319161,12.339333333315494,17.337333333315996,17550.0,1900.0
6.479666666656669,11.131666666663875,12.17999999997943,17.01266666668033,17600.0,1900.0
6.047666666653129,11.308666666636213,11.281333333315047,17.28366666664982,17650.0,1900.0
6.5463333333326545,11.54400000000777,11.167333333332863,17.493000000001757,17700.0,1900.0
6.483000000017114,11.537666666683322,10.607000000035782,17.76733333336722,17750.0,1900.0
6.2746666666413375,11.368000000011591,10.441000000014355,17.40099999999245,17800.0,1900.0
6.285666666663303,11.350000000014404,9.741000000005329,17.45733333333277,17850.0,1900.0
5.782666666647174,10.903333333303067,9.915333333303522,16.934666666656994,17900.0,1900.0
6.45566666666042,11.677666666685127,9.376666666653932,17.278999999987832,17950.0,1900.0
5.9303333333105,10.837666666638768,9.350999999959697,16.649999999955867,18000.0,1900.0
6.3600000000008095,11.65433333333965,9.79499999999689,16.498666666642237,18050.0,1900.0
6.442666666650609,11.44833333334816,9.171999999963987,16.759333333311588,18100.0,1900.0
5.771333333370876,11.70200000004229,9.14066666666713,16.482333333343036,18150.0,1900.0
5.5616666666225,11.869333333294207,8.852666666641085,16.33499999996957,18200.0,1900.0
5.706666666682736,12.084999999970591,8.652333333287743,16.039666666642916,18250.0,1900.0
6.0340000000280725,11.940000000052464,8.479000000036763,16.186000000040224,18300.0,1900.0
6.270333333304734,11.592666666686569,8.103333333302487,15.922999999986587,18350.0,1900.0
5.845999999962714,10.895333333280632,7.740333333288163,15.933999999973025,18400.0,1900.0
5.503000000040004,11.063666666721872,6.93000000001831,15.950666666704194,18450.0,1900.0
5.970333333316091,10.810333333317601,6.444999999999368,15.809999999980562,18500.0,1900.0
5.7653333333007595,10.343999999982145,6.50666666665245,15.866333333285354,18550.0,1900.0
6.0360000000159175,9.95466666665834,6.077666666683967,16.298666666685335,18600.0,1900.0
6.41466666667867,10.137666666665268,6.508666666640295,16.891666666651872,18650.0,1900.0
6.206333333302894,9.800999999995952,5.870666666645263,16.541999999972745,18700.0,1900.0
5.743333333327882,9.806999999959487,6.084333333333802,16.234666666647968,18750.0,1900.0
5.993000000010795,9.906666666665842,6.087999999984106,16.71200000000539,18800.0,1900.0
6.033666666667159,9.741333333295188,6.129666666687683,16.731666666629508,18850.0,1900.0
5.440666666629568,9.439666666679614,5.740333333292824,16.299666666661494,18900.0,1900.0
4.816000000076315,9.399999999999409,5.594000000002097,17.083333333367534,18950.0,1900.0
5.289666666712378,9.232000000025664,5.912000000023454,17.05366666669761,19000.0,1900.0
5.055666666677894,9.120333333392239,4.985333333351605,17.326000000075226,19050.0,1900.0
4.9993333333375745,8.887000000008527,4.419000000019935,17.245666666667603,19100.0,1900.0
5.012333333311858,8.549000000002138,4.47133333331351,17.3069999999953,19150.0,1900.0
5.060999999990656,8.844666666654177,4.33766666667168,17.142000000021085,19200.0,1900.0
4.453000000026464,8.274666666636676,4.357333333331326,16.899333333313393,19250.0,1900.0
4.421999999948412,8.520333333308372,4.23599999997748,16.867999999945482,19300.0,1900.0
4.45800000001384,8.37666666669179,4.591999999981056,17.17866666666623,19350.0,1900.0
4.388333333338323,9.220666666678312,4.264666666635719,17.22433333330997,19400.0,1900.0
4.032000000009361,8.790999999988003,4.630333333324188,16.722333333305528,19450.0,1900.0
4.226333333363641,9.352666666657683,4.814999999993574,17.332999999979393,19500.0,1900.0
3.994333333352529,8.397333333327595,3.93199999997762,17.430999999987762,19550.0,1900.0
3.4030000000129235,8.832666666656053,4.296666666654403,17.097666666643363,19600.0,1900.0
3.3080000000040855,8.922666666677515,3.7716666666653964,16.76533333331065,19650.0,1900.0
3.6899999999917554,8.579999999973609,3.7063333333264836,16.886999999989882,19700.0,1900.0
3.479666666663661,8.17799999996538,3.6926666666659003,16.921666666647184,19750.0,1900.0
3.5770000000212576,8.3536666666717,3.163333333304763,16.834999999986167,19800.0,1900.0
